,0
0,영화도 애니도 드라마도 보기 정말 좋습니다하지만 애니가 너무 없는 것 같습니다 가능하면 하이큐기주술회전도쿄리벤저스유리 온아이스 등을 넣어주시면 좋겠습니다
1,카테고리를 찾아 작품을 선택해 시청하는 이용자보다 접속하자마자 보이는 메인페이지에서 시청할 컨텐츠를 찾아보는 이용자들이 많을 것 같은데요 이미 넷플릭스에서 스트리밍했거나 따로 찾아보아 평가를 마친 컨텐츠들이 항상 메인 페이지에 자리 잡아 있어 메인에서는 새로운 작품들을 전혀 만날 수가 없어요 이미 시청했거나 평가한 작품은 추천 컨텐츠에 뜨지 않았으면 좋겠어요 특히 싫어요 평가작의 경우 아예 메인에 뜨지 않고 검색을 통해서만 볼 수 있었으면 합니다 다양한 작품을 보기 위해 넷플릭스를 구독하고 있는 것도 있는데 유사한 컨텐츠들이전체 리뷰
2,팝업화면으로 바뀔때 제발 자막도 나오게 업그레이드해주시면 안될까요 게임이나 다른거하면서 넷플 자막있는 만화나 영화 보고싶은데 한국어 나오는것만 작은팝업화면으로 볼수있으면 소비자의 선택의폭이 너무 좁은게 아닌가해서요 개인적으로 원프스짱구 등 투니버스 애니맥스 등 국내채널에서 반영하는 애니도 넷플에 있으면 엄청 좋을것 같아요
3,너무 잘쓰고 있습니다 그런데 화면 터치하면 조작화면이 없어져야 하는데 그게 안되는데 너무 불편합니다 터치한번 하면 조작화면 앞뒤 터치한번하면 조작화면 바로 사라졌으면 좋겠습니다
4,제가 넷플을 사용한지 얼마 안됐는데요 재밌고 다 좋습니다 근데 제가 애니애니영화 등 애니를 너무 좋아해서제가 좋아하는 애니 보려고 검색을 했는데 없는 애니가 너무 많더라구요그래서 조금만 더 늘려주시면 어떨가 하고 남겨봅니다주토피아 추가해주세요 어떻케 주토피아가 없을 수 있죠 실망입니다
5,다 좋은데 자막 한국어랑 외국어 같이 볼 수 있게 자막 설정해주시면 영어 공부하는데 더 도움될 것 같아요 일일이 영어자막 다시 보는게 번거롭네요
6,넷플릭스 너무 잘 이용하고 있는 유저 입니다 다름이 아니라 도쿄구울 기가 사라져서 말입니다 정주행하려고 들어가니 기가 사라져서 놀랐습니다  인기 없는거 찾아서 보는 사람도 있으니 지우지말아주세요 이런 점 빼고는 다 좋으니 고쳐주시기 바랍니다 아 그리고 약속의 네버렌드도 업데이트 해주세요
7,그동안 잘 쓰고있었으나 그 기간동안 짜증나는 점도 있음 특히 유명하거나 인기 작품들을 내리는 점 계약 기간이 있어서인지도 몰라도 자꾸만 없어지니 굉장히 불편해짐 볼게 없어지니 계속 이렇게 된다면 다른 플랫폼을 진지하게 고민하게 되었음
8,태블릿 가로모드 사용중 최근 업데이트로 레이아웃 이상해서 세로로 선택하고 재생해야함 최소폭 으로 기기 해상도 바꾸면 예전처럼 보이는데 월일 구버전 빌드로 설치하니 정상적으로 나옴 기존 최소폭은  최신버전에서 문제 생기면 걍 지우고 인터넷 검색해서 구버전 찾아서 설치하세요 어차피 말해봤자 바로 수정 안해줄것 같고 열받아서 리뷰 남기고 갑니다 리뷰는 폰으로 남겨서 기기정보는 다름
9,앱과 컨텐츠는 유용하지만 한가지 아쉬운 점이 있습니다 화질이 마음대로 변경되는 점이 아쉽습니다 유뷰 처럼 화질 설정을 직접 설정할수 있도록 개선하시면 더 좋은 앱이 될것 같습니다 버전에서도 마찬가지 입니다
10,며칠째 재생이 제대로 안 됩니다 화면은 멈춘 상태로 소리만 나와요 심지어 넷플릭스만 실행하면 휴대폰 자체가 렉 걸려요 몇 번을 껐다 켜도 이러네요 며칠 동안 아예 못 보고 있어요 지금
11,왜 옛날의 모든 사람들이 보길 원한다는 채널이 이렇게 됬죠 구독을 하든 안하든 제 알빠는 아닌데 이렇게 광고하면서 궁해보이지 않는 남들이 원하는 앱이였는데 이게 자본주의삶인가요ㅋㅋㅋ 답도 없네요ㅋㅋ
12,현재 일 오전 시분 모바일 넷플릭스들어가면 로딩화면에서 안넘어갑니다 계속 로딩화면에 있구 제폰만 그런것이 아니라 다른사람도 그러네요
13,잘 사용하고 있습니다 다만 추가기능이 있으면 좋을 것 같아서요 왓차를 사용할 때 실시간 왓차파티를 이용해 사람들과 함께 보며 대화를 주고받을 수 있어 재미있었는데 넷플릭스는 없더라구요 너무 좋아하던 기능이라 추가되면 좋을 것 같아요
14,감사인사드리려고 올립니다 고객문의채팅창이지워져서 친절한 상담때문에 접속오류가 풀렷어요상담사님 감사해요
15,애니메니션을 끝까지 보여주셨으면 좋겠어요 다음화 기대하다가 기대을 접어 버리시면전 여기에서 애니 영화 드라마로 기분을 풀어버리는데 다음화 예고를 하시고 다 안하는면 전 슬퍼요 제미는 있어요 오래된건 없세지 마세요 가끔씩 다시볼려고 하면 없어져서 놀라요
16,다 너무너무 좋은데 제가 원하는 드라마가 없어서 아쉬워요 의사요한이나 멀리서보면푸른봄 악마판사등 더많은게 있으면 완벽할 것 같아요 추가해주시면 감사하게습니다
17,넷플릭스를 달넘게 잘 이용하고 있습니다 다 좋은데 별 한개빠진거는 레오나르도 디카프리오 작품인 로미오줄리엣 편도 나왔으면 좋겠습니다 그거 만약 나오게 된다면 별 다섯개입니다
18,처음으로 글남깁니다 앱 자체를 평가 한다면 최악입니다 사용자와 소통도 안 될뿐더러 유료앱이면 거기에 맞는 서비스를 제공해야하는데 무료앱보다도 못 합니다 사용자가 원하는 시간에 보기위해 사용해야하는 앱이 사용이 안되면 그게 무슨 앱인가요유료에 걸맞는 앱 서비스를 제공하시기 바랍니다감사합니다
19,렉오지게걸리네요 한두번도 아니고ㅎ 휴대폰상의 문제인줄 알고 껏다 켰는데도 게속 로딩중이고 남자친구 폰으로 들어가봐도 로딩중이네요 평점 점도 오지게 아까움
20,다 좋은데 영상들이 빨리 내려옵니다 예를 들어 외갓집에 간 아이들  은 거의 여름에만 방송했습니다 그래서 되게 아쉽고 다시 보고 싶습니다
21,왜 기기 는 없고 기 만 있나요 그리고 원래 있던게 없어저 서 시청할수가 없어요검색해도 안 나오고요
22,갤럭시 사용중인데 영상 실행시 화면 인터페이스가 켜지면 한번터치해서 없어는게 맞는거같은데 터치도 안먹히고 밝기조절도 제대로 안되고 이젠 앱실행하면 프로필에 들어가지지도않네요 개선부탁드립니다
23,화면 잠금하면 해제가 안되네요 삭제하고 재설치했는데 똑같네요 이번에 어플 업데이트 후에 그런데 꼭 수정해주세요 불편합니다
24,자막 크기 및 위치를 사용자가 조정할수 있게 해주면 쓰는데 더 편할거 같습니다 폴드 사용중인데 영화볼때 자막이 너무 아래쪽에 있어서 너무 불편함
25,좋아하는 애니가 정말 많아요 하지만 주술회전이 없어 좀 아쉽지만 그래도 보고싶은애니가 있으니 정말좋아요 그래도 돼도록이면 주술회전도 넣어주시면 감사하겠습니다
26,주말에 몰아볼라고 기다리고있었는데뭐죠재생버튼 누르면 검정화면에 로딩중으로만 돌아가고있습니다빠른조치 바랍니다
27,넷플릭스를 깔고 이제 로그인 다 하고 들어가려는데 얼마 안남았습니다 어쩌고 하길래 시켜서 들가서 또 로그인 했는데 안되더군요
28,아니 로그인하는데 한달 걸리고 있어요ㅋㅋㅋㅋ제가 못하는줄 회원가입하려면 문자인증으로 안되나요이메일주소 같은거 입력하는데 몇날이 걸린지 모르겠네요ㅋㅋㅋㅋㅋ회원가입할때 쉽게 좀 할수있게해주세요 아직 넵플 구경도 못해봤네
29,앱 클릭후 넷플릭스 로고 화면에서 안넘어가고 무한로딩이네요 몇번을 지우고 다시 다운해도 똑같습니다 주째 사용 못하고 있어요
30,볼꺼없어서 해지했었고 기간 지나서 뭐좀 추가됬나 볼려고 했는데 맴버쉽가입 안하면 컨텐츠가 뭐가 있는지도 안보여주네요 참 대단하신 앱입니다
31,영화 끝난 후 신속히 움직이지 않는 한 엔딩크레딧을 뚝 끊어놓는게 너무 싫어요 좋은 영화의 여운을 빼앗아 버리잖아요
32,분류가 잘안되있어 찾기가 불편해요 예를들면 일본애니찾는데 찾는것도 뒤죽박죽이고 검색으로 하는 불편감  있던애니도 없어지고 보고싶어도 못보내요  한국드라마 끼리 중국드라마끼리 일본애니끼리 영화끼리 세밀하게 분류해주세요 키즈만 몰아가니깐 검색해서 찾아야하는 불편함 있내요  추가  디즈니채널도 만들어주세요 진짜 디즈니채널이 더 볼게 많은데 아쉽내요 스타의모험일기 라던지 어벤져스 시리즈라던지
33,새벽까지 시청했는데 지금은 왜 무한로딩만 할까요 정검중인가요 삭제하고 다시 깔았는데 로그인 마저도 로딩이 엄청 기네요
34,뭐죠 로그인 했는데 왜 얼마 남지 않았습니다 라는 문구만뜨고 뭘 해봐도 다음으로 넘어갈수가 없는데
35,아 제발 번역 잘못된거는 좀 고칠 수 있게 신고버튼좀 만들어주면 안되나  가 어떻게 시민전쟁이야 맥락상 미국 남북전쟁으로 해야하는걸 왜 그딴식으로 번역하는거냐
36,가입이 도대체왜안되는겁니까 계정로그인까지 다햇고 어플키면 이제얼마남지않앗다만뜨고홈페이지들가도계속오류고뭐하자는건지ㅋㅋㅋㅋㅋ넷플은 뭔가입을 뺑뺑이돌게시키는지진찌 이런거 리뷰안남기는데 새벽에 개빡쳐서 올립니다작년에 가입햇을때랑 달라진거하나없네욬ㅋㅋ그때도 결국 고개센터 통해서 가입햇는데 제발좀 홈페이지면 홍페이지 가입 만 시스템을 만들던가 어플갓다 홈피가라그러고 뭐 어쩌라는겨그래놓고 도돌이 시키네요 진짜 짜증나서 불매운동 할라니까 제대로좀해놓으세요
37,재생이 안돼서 몇일째 못보고있음 업글을해도 삭제했다 다시깔아도 마찬가지임 돈은내고있고 서비스는 못받고있는데 어떻게 해주실건가요
38,넷플릭스 재생을 누르며 검정하면에 로딩만 되길래 업데이트 후에 다시 들어가봐도 안되고 재설치하니 이젠 로그인도 안됩니다
39,오늘 업데이트 했는데 왜 기능이 엉망인가요 계속 로드 중이고 볼 수가 없네요 고객에게 자꾸 이딴 식으로 하실래요
40,왜 화면에  시간지나야만 사라지는거야 바로 좀 사라지게못하냐 터치하면 좀 사라지게 만들어라 화몀잠금도 하면 풀리지도않고 무조건 뒤로가서 영상다시켜야되고
41,앱열면 검은화면만 나오네요 돈주고 사용하는건데 왜 이런 오류가 생기나요 보고싶을때 봐야하는데 시간나서 보려고 해도 볼수없는데 뭔가 손해인것 같네요
42,프로필 누르고 들어가면 검은 화면에서 로딩만 계속돼요 공짜도 아니고 돈 내고 사용하는데 이게 뭔가요 돌아버려요
43,제트플립 재생 안되는 문제 해결 언제되나요ㅋ 업데이트 된지가 언젠데 수정이 이렇게 늦어서야 무료앱도 아니고 말이조
44,잘 이용하고있지만 일본애니메이션 한국 성우가 더빙해주신 더빙판이 극장판이나 영화만 되어있는게 조금 아쉽다 그냥 애니메이션에서도 더빙한건 나왔음 좋겠다
45,애니영화 정말 재미있게 보고있습니다 요즘 애니를 많이 보고는 하는데 날짜에 맞춰 다음화가 제대로 나오지 않은 일이 많이 생겼습니다날짜에만 잘 나오게 수정해주시면 감사하겠습니다 
46,컨텐츠는 좋은게 너무 많은데 애플리케이션 오류가 너무 심함 접속해서 로딩만 계속되는 때가 있기도 하고 소리가 아예 안나오는등 오류가 잦음
47,아니 왜 핸드폰으로 보면 화면이 멈추고 소리만나와요 진짜 짜증나 죽겠네 별 점도 주기싫을정도네용 그리고 또넷플에 없는게 너무 없고 제가자주 보는 것들은 다 기간인가지나서 없어저요 영상에도 유통기간이 있다니 참그리고 넷플은요 다 좋은데요 화려한 랙이 영상을 감싸네요 꼭좀 고치세여다시 말하는건데 별점 점도 주기 싫네영 기황후는 다시 넣어주면 좋고요
48,모바일에는 영상에 문제가있다고 에러뜨고 티비로는 무한버퍼링으로 재생이안되고 돈내고시청하는데 이따구로 관리할거면 사업접어라
49,다른것들은 좋은데 검색하면 안나오는게 너무 많아요 이것빼곤 딱히 불편한건 없습니다 고쳐주시면 감사하겠습니다 
50,너무 좋은 앱 입니다 근데 연령제한도 있는데세 위부턴 모자이크 빼줄수 있잖습까 애니 보는데 모자이크그냥 불 만 나와도 모자이크 싸우는데 모자잌 이것만 빼면 불편함 없이 잘 사용하고 있습니다
51,볼게 많아서 잘 쓰고 있었는데 최근들어 팝업으로 실행하다가 다시 전체로 실행하고 잠금을 해제하려고 하면 잠금이 해제가 안됩니다
52,잘사용하던 넷플에 문제가 갑자기 생겨 기분안좋은 상태로 상담하러 전화하는데 상대 기분 이해안하고 친절하게만 할려하다가 기분만 더 잡차게 한 상담원 때문에 다신 사용안합니다 개인적으로 비웃음 당하는거 같아 몹시 기분이 너무 안좋습니다
53,화면이 검정색에서 깜박거리고만 있네요 제휴대폰만 그런가요 유료어플인데 계속 이러면 안되죠 빨리 고쳐주세요
54,원피스 나루토 보루토 원피스 극장판 나루토 극장판 보루토 극장판 등등 여러 애니메이션을 추가 해주세요 그러면 더 재미를 느낄 수 있을거 같아요
55,어제부터 초기 화면에서 무한로딩으로 로고만 나오고 아우것도 안나와서 삭제후 재설치했더니 로그인도 안되네요 빨리 조치해 주세요 돈은 돈대로 받으면서 뭐하는건지  갤럭시 입니다
56,프로필 선택하고 들어가면 아무것도 안뜨고 검정색박스만 깜박거려요 왜이러는거죠 빨리 조치좀 취해주세요
57,좋아요 그런데 판권 많이 들여왔으면 좋겠습니다 매번 보고싶은 거 검색해도 없는 경우가 대부분이라 돈이 아까워지려고 해요 더 다양한 컨텐츠 기대하겠습니다
58,화질 지혼자 로변경되고 앱에서는 설정을 못하게 해놓은 이유가 뭡니까 갑자기 화질 안졸아지면 짜증난다구요
59,진짜 드라마도 많고 애니도 있을건 다 있어서 너무 좋은데 왜 대탈출여고추리반 같은건 없는거죠 암튼 잘 쓰고 있습니다앙
60,잘 사용하는데 갑자기 영어로 되서 삭제 했더니 기기와 호환이 안된다고 설치가 안됮니다 어떻게 조치해야 하나요 가입해 놓고 못보고 있습니다
61,계정을 하나더만들고 사용 하는데 현재 이계정에 접속한 사람이 너무 많습니다 라고뜨는데 고쳐주세여 별개드릴께여
62,일시정지 누르면 재생버튼이 다시 안눌러져요 안드로이드로 갈아탔을때부터 이러네요 아이폰은 괜찮았는데
63,넷플릭스 어플 왜이룰까요 켜지기는 하는데 아무것도 안뜨고 저장된 파일만 재생되고 휴대폰을 몇번 재부팅해도 먹통이네요 내돈
64,시작화면에서 남어기질 않아요업데이트하고 이상해졌네요 고쳐주세요몇일동안 보지도 못하고 이게 뭐람
65,아니 로그인 안하고 회원가입 한다고요 아니 회원가입 할려고 하는데 로그인 하라 하면 어떡 합니까 보지도 못했어요 아예 아니 뭔 이런게 다 있음
66,넷플릭스 너무 좋아용  근데 약간 아쉬운 점이 있는데 하이큐 같은거도 기 까지 나와있구 기는 없더라구요  그래서 아쉬워요  그래서 결론은 좀더 다양한 애니 가 나왔으면 좋겠어요 이거 빼곤 짱이예요  그럼 오늘도 화이팅 하세요 ㅎㅎ
67,실행하니까 화면이 나오지도 않고 실행이 안되요 들어가면 화면만 깜빡하고 반복만해요 노트  울트라 에요
68,이번 업데이트 이후에 접속하면 넷플릭스 검정색에서 무한로딩입니다 빨리 해결해주세요 몇일째 기달려봐도 고쳐지질 않네요
69,오늘 아침에 업뎃하고나서부터 넷플릭스 로그인이 안되고 로그인이 되면 컨텐츠 화면에서 뺑뺑 돌기만 하네요
70,아니왜첫화면에서 다른장면으로안넘어가죠다시깔아도 이모양이고빠른조치좀해줘요
71,업뎃이면 몇시까지업뎃된다 하던가 아님 고객센터 전화든 실시간채팅이든 잘되던가 돈은 칼같이 가져가면서 앱관리 이정도입니까서비스관리 안해요앱문제생겨도 고객센터도 안되고 암것도안되니 그저 답답하고 기다리게하네요돈좀 벌었다이건가실망이네요
72,다 좋은대업 데이트가 느리네요 전생슬처럼기가떳는대넷플릭스에만전생슬기가없어요빨리나오길발해요 개속기다리고잇답니다
73,저는 블랙클로버를 굉장히 재미있게 봤습니다 그런데 회에서 끝났고 회 까지 나온 블랙클로버 이지만 회에서 애매하게 끝내면 애니 보는 저로서 기분이 좋진 않아요 열심히 보다가 싸우는 장면으로 끝나니까 ㅎ 이만 최대한 빨리 출시해주세요
74,금액에 비해 영화도 적고 명작도없고 애니도 별로없음 기없는건 무슨경우원이 아깝다 기계대로 볼려면 한달에 원내야함 그금액이 뉘집개이름인줄아나
75,카테고리 안에 분류를 더 넣어둔 이유가 뭐냐  난 모든 영화중에 고르고 싶은데 분류별로 조금씩만 나눠놔서 보기 짜증난다
76,왜 갑자기 실행이 안되죠 갤럭시노트 쓰는데 갑자기 실행하면 초기화면만 뜨고 실행이 안되네요
77,계속로딩중이라고뜨네요 인터넷자체는 와이파이가연결되있는데 서버문제인가요아니면 서버서운제인가요 알려주세요
78,정말 심각하네요 영상재생이 되질 않아요 검은화면에 소리만 재생되고 또는 화면이 정지되고 소리만 재생되고 몇번을 나갔다 들어왔는지 셀 수가 없네요 얼른 개선했으면 좋겠습니다
79,저기요 계속 검은색화면만 뜨고 아무것도 나오지않아요 월결제한거 아까워지려고 하니까 빨리 개선좀 해줘요
80,영어나 기타 다른 외국어는 모르겠고 일본어는 자막이 엉망이야 말의 순서나 아니면 아예 다른단어를 쓰거나 해서 보기힘듬
81,애니가 많이 없고 악입문도 안 보이구 기만 있는것도 있어서 조금 불편해요 기 말고 기도 있으면 좋고 애니도 좀 더 많이 있으면 좋겠어요
82,로딩도 길고 화면은 검은색인데 자막과 소리만 나옵니다 용량때문인가 싶어서 다른 앱도 제거해봤는데 소용이 없네요
83,지맘대로 요금제 올려서 결제되고 로그인도 안되고 있습니다 이메일 전화번호 다 안먹히고요 해킹당한건가요 넷플릭스 자체 문제인가요 로그인도 다 풀리고 비밀번호찾을 방법도 없고 결제는됐고 이거뭐 이제 이용안할때가 된건가 어디에 문의해야하나요 아침부터 짜증나네
84,다 좋지만 별 한개를 남겨둔 이유가 있습니다 넷플을 깔자마자 버그가 걸렸습니다
85,다 좋은데 화면 잠김해서 영상보고 있다가 화면 잠김 풀려고 잠김이미지 누르면 안 풀어져서 너무 불편해요
86,영상들에 많은 것들이 일본어 더빙이 있는데 한국어 더빙은 굉장히 조금 한국 사용자 차별 선택 할수있는거랑 없는거는 큰차이
87,갈수록 볼게 없음 영화도 영화지만 도 딱히 볼게없음예능부분좀 많이 올려주세요나영석작품 좋아하는데볼게없음
88, 조작화면 안사라지는 사람 필독 휴대폰 설정 휴대전화정보초기화접근성초기화 하고 나면 다시 잘됨
89,스마트폰 와이파이 로 보면 접속이 안되요 근데 데이터 로 보면 또 되요 저희 식구 전체 가 안되요
90,갑자기 로딩이 안되는 이유가 뭔지고객센터나 문의할 곳도 없고 돈은 계속 결제되고참 너무하네
91,갑자기 로그인도 안되고 메인화면도 올블랙으로 안떠요 다시 깔아도 그대로입니다 해결방법좀 알려주세요
92,   사용자 입니다 재생사양 해상도가 밖에 안되는데 기기에서 너무한거 아닌가요 개선바랍니다
93,지금 까지 잘시청해왔는데 오늘 갑자기 지원하지않는다고 뜨는데요왜그런건가요 해결해주세요
94,진짜 별로에요 아니 무슨 로그인을 했는데 자꾸 이상한 화면만 뜨고 ㅋㅋㅋㅋㅋㅋㅋㅋㅋㅋㅋㅋ 황당하네요 ㅋㅌ
95,영상재생시 자주 멈추고 때론 영상이 끊기거나 검은화면으로 보입니다
96, 시청하고 있는 목록 부정확함 차라리 시청한 목록 전부 리스트 관리가 더 유용함  넷플 자동추천해주는 목록들 그닥 쓸모가 없어요  드라마와 애니메이션 같은 시리즈물은 마지막화에 추천목록 뜨면서 초이내에 추천영상으로 넘어가는데 옵션을 설정이 있던지 안했으면 좋겠어요 영상 예고편보는데 지맘대로 넘어가서 개짜증
97,아니오랜만에들어갔는데 화면자체가안나오네요 돈은돈대로다나가는데볼수도없고 별한개도아까움
98,왜 지금 영상이 안나오죠 나만 그런가다른 앱 영상은 나오는데 넷플릭스만 안나오는데
99,한 분 정도 보니까 자꾸 화면이 멈추고 대사랑소리만 나와요 빨리 고쳐쥬세여
100,예전에 저희집 에는 티비연결 잘되었는데스카이로 변경한 이후로 티비연결이 되질않네요 무엇때문인가요 선으로연결해도안되고미쳐버리겠어요 괜히 돈만 월정액으로 빠져나가서 해제해야겠어요 돈아까워요
101,아니 진짜 영상을 볼려고하면 검정화면이 뜨면서 소리만들리고 아님 영상을 보다가 화면이 항상 멈춰요 돈주면서 하는데 볼수가 없으니이건 돈을 날리는거죠
102,잘보고있었는데 폰에서 아이콘이사라졌습니다 검색해보면 앱이있는데 화면에 안뜨는건 왜인가여
103,인터페이스가 안닫혀요 재생누르고 화면이 나오면 빈공간터치하면 화면만 나와야하지만 밝기칸만 없어지고 화면은 재생바가 계속나와요 업데이트해도 달라지는건 없네요 오류수정좀  사용중임
104,아니 자꾸 화면이 안나오고 화면이 깜빡거리거려요 돈 내고 보는건데 이러면 곤란하죠
105,화면 잠금했다가 잠금해제하면 해제가 안풀려서 뒤로가기 눌러서 아예 나갔다가 다시 재생해야합니다
106,계속 얼마남지않았다는데 그얼마나가 도대체 얼마난지 지우고깔고 지우고깔고 로그아웃했다 다시 로그인하고 몇번을반복해도 계속똑같네요 돈주고 하는건데 제대로 활용도 못하고있네요 이거 뭐죠
107,정말 그지 같은 맵 입니다 영화 한편 볼려고 하는데 연령인증 오류로 보지도 못하고 막혔네요
108,접속은 되는데 시청이 안되는건 뭡니까 주말에 간만에 시간 내서 보려하니까 안되네
109,넷플릭스로 애니들을 봐서 좋지만 하이큐 기가 있는데 넷플릭스에는 안나와 있어서 아쉬워요 꼭 추가되면 좋겠습니다
110,넷플릭스 어플들어가면 화면이 글씨체로 멈춰서 넘어가질않아요 몇일전부터 왜이러는거죠
111,아니 국가설정은 지맘대로 미국으로 바껴있고 고객센터 전화번호도 미국번호인지 제대로 되지도않고 채팅 상담으로 하려니 전화상담으로 넘겨버리고 도대체 뭐하는건지 모르겠네요 하라는 대로 해도 계속 뺑뺑이만 도는거같은데 야마돌기전에 고객센터 전화번호 주세요 확 멤버쉽 끊어벌라니까 진짜 일똑바로좀 하세요
112,재미있는것들이 많이있어서 좋지만 태양의후예도 볼수 있게 해주시면 좋을거같아요
113,오랜만에 쉬는날이라 맘먹고 종일 보려했는데 로그인오류로 접속이 안되네요
114,영화를 많이 볼 수 있어 좋은데 가끔 화면이 멈추고 최신 영화가 없어 좀 불편해요
115,너무 재밌는 것들이 많긴한데 혹시 자막을 한영 자막 둘 다 나오게 할 수 있나요
116,다 좋은데 페어리 테일이 일본어판이 안되더라구요 그부분을 쫌 고쳐주세요
117,년 월 일 시 분 아예 앱 자체가 검은화면에 로딩만 계속되고 아무거도 안됨 왜이런가요
118,좋긴 좋지만 기나기넘게있는 애니들중에서는기만보여주는것들이 많고 제가찾는애니가 많이없습니다 그리고 팝업창을 쓰고있을때 자막이안뜨는것들이 많이불편합니다 이런점들을 고쳐주었으면 좋겠습니다
119, 영화처럼 화면비가 가로로 긴 영상을 볼 때 모바일 기기에서는 화면 꽉 차게 조절해서 볼 수 있으나 컴퓨터로 볼 때나 스마트의 넥플릭스 어플에는 그런 기능이 없어 상하로 많은 여백이 남습니다 제일 짜증나는 점입니다 모바일에서처럼 화면에 꽉 채워서 보는 기능이 시급합니다  기사에 넷플릭스의 위기라더니 정말 그런 것 같습니다 컨텐츠가 부족해요 애들용으로도 쓰는데 뽀로로나 헬로 카봇 같은 것은 시즌이 그렇게 많은데도 넷플릭스에는 고작 한두개정도 뽀로로는 극장판 하나도 안 올라와있고요 구색만 갖췄다는 느낌입전체 리뷰
120,넷플릭스가 안들어가집니다 디바이스에 오류가 발생했다고 디바이스를 재시작해주세요만 뜹니다
121, 라이트 인치는 홈화면이 세로로만 보이는게 맞나요  인치는 가로로 보이는데 짜증나네요
122,로그인을 계속해도 환영합니다하고 흰색 배경만 나와요 고쳐주세요
123,외국 영화나 드라마를 보다가 팝업 화면으로 전환하면 자막이 사라집니다 해당 기능만 보완되면 완벽합니다
124,영상보다가 멈추거나 앱 작동이 중지되는 렉이 거의 매번 일어나고 있습니다 다른 앱 쓰다가 폰이 멈춘적이 없는데 유난히 넷플릭스 앱을 쓰면서 과부화가 많이 걸리고 화면 멈춤 앱 작동중지 등의 현상이 최근들어 매우 자주 나타나고 있습니다 가장 중요한 영상시청과 기본적인 앱 조작에 문제가 발견된 것은 앱 이용시에 매우 중대한 문제가 아닐수 없습니다 이게 뭔지는 모르겠지만 빠른시일내에 해결하셔야 회사에 이로울것이라고 생각합니다
125,음다 좋은데 애니메이션 한국어더빙판이 없다는게 아쉽네요
126,로그인하면 얼마 남지 않았습니다 하면서 자꾸 홈페이지를 확인하라고 뜨는데 어떻게 햐야하나요
127,그 죄송한데 저만 안 들어가지나요넷플릭스 로고만 뜨고 더 이상 진전이 없는데 어떻게 된건가 해서요
128,설치눌렀는데 않돼요 패드만 않되는 건가요 설치돼면 수정합니다
129,앱은 정말정말 좋고 한달에 번씩 접속이 불안정한 거 같아요 그리고 어떤 한 이야기 영상 과 관련된 영화 혹은 시리즈 물이 다른 곳보다 비교적 없어서 시청할 수 있는 영상에 제한이 걸리는게 많이 아쉬워요 한 시리즈물에 빠져서 계속 시청하는데 다른 곳에는 기도 나오고 그것과 관련된 영화가 많이 나왔다면 넷플릭스는 그렇지 않았거든요 제가 시청하는 하이큐 만 그런걸지도 모르지만요많이 많이 계약해주세요 그래도 전체적으로는 좋아요 앞에서 말씀드린 부분만 신경써주신다면 저는 너무 좋게 사용할 거 같아요전체 리뷰
130,영상을 들어가서 보면 검은화면만 뜬 상태로 소리만 들리는 상태가 지속적이었는데 제 폰에 이상 있나 싶었습니다 리뷰들 보니 저만 그런 것이 아니던데 이 현상은 어떻게 뭐 개선 안 되나요 무슨 영상을 들어가던 지금 인트로만 분째 보고 있어요 핸드폰 던질 뻔 했습니다
131,애니매이션이 끝까지 안나옴 검색해보면 분명이 화가 더 있는데 여기는 결말을 안보여줌 최악임
132,로그인도 아예안되고 영상은 당연히안나오고 업데이트하고 이게무슨일
133,여태 잘 이용하고 있었는데 저번주부터 앱을 열려고 하기만 하면 처음에 뜨는  로고와 검은 화면만 뜨고 진행이 되지 않아요처음엔 일시적 오류인 줄 알고 냅두고 기다리다 오늘 또 삭제했다 다시 실행시켜 봤는데 역시나구요돈내고 이용 못한지 주일이 되어 가는데 좀 속상하네요얼른 문제를 해결해주시든 환불을 해주시든 빠른 조치 부탁드립니다
134,화면이 계속 멈추네요 지웠다가 다시 깔아도 똑같아요
135,갤럭시 플립 인데 로그인 안되고 무한로딩이네요 돈내고 쓰는데 해결좀 해주세요
136,갤럭시울트라 사용하는데 앱이 열리지도 않아요 지금 몇일째 이모양인데 짜증나네요 광고는 엄청 해대면서 이런 오류생기게 하다니 어이없네요 유튜브나 다른 다시보기앱들은 잘만 나오는거보면 넷플릭스 자체 문제일텐데 이용금액 받아먹었으면 일 좀 하시죠 별 한개 주기도 아까운데 리뷰정책상 한개라도 줘야하네요
137,컨텐츠가 예전에 비해 많이 부족해진 듯 노트북으로 볼 때 화질구지임
138,가끔 업뎃을하고나면 무한로링이뜨는데 다시시작을하면 해결되네요
139,귀칼진격거를 못보게되서 아쉽네요짜증
140,패드 초기화후 재설치 하려는데 설치는 되었으나 열리지 않습니다 
141,업데이트 너무 느려요다른 사이트엔 이미 올라왔는데ㅋㅋ
142,플립유저입니다 왜 재생이 안되고 무한로딩만 반복되는지 나만 그런줄 알았는데 여기와서 리뷰보니 다 그렇네요 그렇다면 빨리 고쳐줘야지 무료앱도 아니고 매달 돈 따박따박 받아가면서 이게 뭔가요 영상을 볼수가 없는데 별하나도 아깝습니다
143,영상화질이 너무 낮은데 설정에서 못바꾸네
144,화면잠금을 쓰고 취소가 안돼요 패드는 잘되는데
145,플립 유저입니다 아이패드로는 원할하게 돌아가지만 본 기기를 따로 이용하고 있는 입장에서는 무료플랫폼도 아니고 제돈주고 결제하는데도 영상 재생도 안되고 무한로딩만 주정도 지난것같습니다 밑에 리뷰들 보니 뭐 기기를 바꿔서 시청하시란 고객센터 답변도 했다는 것 같고 이럴거면 그냥 환불해주시죠 한달에 만원 안되는 돈 매일 못 볼땐 안아깝지만 주정도 되가는 시점에선 돈 빨아먹는 걸로 밖엔 안보입니다 바로 고쳐주시던지 아니면 환불해주세요 자동결제도 취소 해놓겠습니다
146,플립 유저입니다 다른 플립 사용자와 동일하게 영상 재생 시 로딩중만 무한대로 뜹니다 화면 크기도 자동으로 축소되어 뜹니다 노트북으로만 시청중인데 너무 불편하여 다음달 결제 해지하였습니다 빠른 오류 수정 부탁드립니다
147,플립에서 안나온지 한달은 된거같네요 계속 로딩만 하다가 자동 로그아웃 되어있구요 언제 개선되나요 아님 개선될 여지가 없나요 플립은 앞으로도 안나올거같으면 그렇다고 답을 해주세요  그러면 이렇게 문의안하고 탈퇴든 뭐든 조치할게요 
148,아니 어제부터 안켜져요 재설치도 번은 해도 안되네요 오늘 돈도 빠져나갔는데 제발 빨리 저치좀 해주세요
149,이거진짜재미잇음리얼임심심할때마다하는데너무재미잇음추천람
150,주전부터 다운로드한 영상 재생시 에러 메세지가 나오더니 지난주부터는 무한로딩입니다 갤노트 사용중인데 기기 문제가 아닌듯 합니다 최초 다운로드 완료후 재생시에는 잘 나오다가 시간이 좀 지나서 다시 재생하면 위 증상 반복입니다 데이터 사용량때분에 다운로드해서 보는 패턴인데 이러면 나가린데요빠른 조치 해주세요 대부분이 돈내고 사용못하는 상황인데 보상은 커녕 안내조차 없는 지금의 대처는 아니라고 봅니다
151, 유저입니다 영상을 재생하려하면 영상에 문제가 있다며 튕길때가 있고 어쩌다 한 번 재생이 된다면 그건 화면은 안 나오고 소리만 들리면서 렉만 엄청 걸릴 때가 대부분입니다 아니 이거 이런지 꽤 오래 됐거든요 월 월 그때부터 이런 걸 아직도 안 고쳐주셨네요 돈만 처먹고 일 안 하시나요 저 지금 몇 번을 지웠다 깔았다 반복하는지 모르겠어요 한 두달 이용권료 환불도 안 해주실 거면서 오류는 안 고쳐주시고 여기 무슨 대형 사기 집단인가요 적당히 하고 오류 고치세요
152,저기 초 건너 뛰기 하면 멈추는 상황이 되는데요좀 해결해주세요
153,원래는 편하게 사용하고 있던 앱이였는데점점 영상은 멈춰있는데 소리만 나오는 형상이 심해지더니 이젠 볼수도 없네요 제발 개편좀 해주세요 시급해요
154,자막있는 영상은 축소하면 자막안보여요  개선 빨리
155,어플 삭제 후 다시 깔았는데도 에러뜨고 접속이 안된다
156,컴퓨터 에선 오류가 일어나지 않는데 얼마전 소프트웨어 업데이트 이후 모바일 이용시 동영상 재생을 할 때 끊김화면 멈춤등에 문제가 업데이트 이후에도 연이어 발생하고 있습니다 이 문제가 저만이 아닌 다른 이용자들도 마찬가지 인 것 같은데 최대한 빠른 시일 내에 문제점을 찾으셨으면 합니다 며칠 째 비슷한 리뷰를 본 것 같은데 빠른 피드백 요청하는 바입니다 편리하게 이용할 수 있는 수단이 휴대폰 밖에 없는 시점에 이러한 오류는 치명적이라고 생각합니다 빠른 개선 바랍니다
157,좋은건 좋은데 한국작품들이 많이 없는듯하네요쉽게 못 보는 독립 영화라던지 작품들이 많아서 좋긴한데 외국회사에서 만든거라 그런건지 한국드라마가 많이 없는것 같아요  작품들도 많이 넣어주시면 좋겠어요
158,시간 조절이 안되요 앱 자체가 오류 난듯
159,원래 잘 작동됐습니다 그런데 어제부터 갑자기 영상이 초록색 줄이 가기 시작하더니 이윽고 화면이 멈추고 소리만 들리거나 아예 어플이 혼자서 꺼집니다 로는 잘 나옵니다만 핸드폰은 안 나오네요 
160,영화나 드라마를 시청할때 화면에 계속 로드중 이라고 뜹니다 와이파이로도 해보고데이터로도 해봤고 지웠다가 깔았다가 다 했봤는데 그래도 자꾸 영상을 시청할때 로드 중 이라고 뜹니다 어떻게 된 건가요
161,본방 방영한후로 하루지나면 뜨는걸 알기에 들어갔는데 영상은공개가되어있는데 클릭하면 플레이가되지않는 현상이 자주생깁니다 또 당일 공개영상날인데 풀리지않는날도많구요 예전엔 그런적없이 항상 먼저 풀렸던것 같은데 좀 관리에 소홀해지신것 같아 안타깝습니다 넷플릭스와 비슷한계열로 다른 경쟁시장이 따로오고 있는 요즘 소비자의 의견을 귀담아 들어주셔서 정정 또는 빠른 피드백부탁드립니다
162,일주일째 무한로딩중인 플립유저입니다 테블릿다른 삼성기종폰 모두 다재생이되는데 왜플립만재생이안되는걸까요이플립유저들이 리뷰를 계속해서올리고있는데 피드백도없고 개선도없고 어쩌라는건지 참 답답하네요 제발 개선상황좀 피드백해주세요
163,거의 에서 하는것만해서 별루인듯 합니다 있는것보다 없는것이 더 많으니 돈주고 보기는 아깝네요 좋은점은 광고를 보지않아도 된다점이 좋네요 좀더 많은 프로그램시청을 할수있으면 좋겠어요 재미도 없는 일본 중국 영화만 있고 보고싶은 한국드라마 미국영화 신상은 없네요
164,시간 때우기에좋은데 흑집사 종류별로 넣어주세요 그리고 너와파도를 탈수있다면과 바니타스의수기도 넣어주세요 제발요
165,플립은 이용ㄴㄴ 진짜 무한로딩 골때리네요ㅋ 고치지도 않고 무슨심뽀인지 하루 한번에서 하루 한개 볼때마다 시청할때마다 무한 로딩이네욕ㄲㄱㄱ ㅋ 걍 안써요 진짜 썩은듯 넷플만보는데 정 떨어지네유
166,우선 넷플릭스 개인적으로 너무 좋아합니다 애니 드라마 넷플릭스오리지널 영화 등등 종류가 다양하고 많아서 좋아하는데 최근 한달사이에 자꾸 로딩중만 뜨고 영상이 재생이 안되는 일들이 꽤 자주있습니다 이런 경우는 나갔도 들어와도 안돼고 폰을 껐다 켜야되더라구요 이거 새폰이라 폰 탓은 아니고 다른분들 리뷰 봤을때도 그런분들 꽤 많은것같은데 대체 언제 고쳐지나요
167,홈으로 들어가면 검은화면만 뜨고 아무것도 안되네요 왜 이러는거죠
168,소니테블릿 유저입니다 저도 로딩이 걸리고 계속 들어가는게 오류났는데 네이버앱 에서 넷플릭스 검색 하고 로그인후 화면재생시 오류한번나고 재 재생시 넷플앱으로 자동연동되서 켜집니다 그후 아직 까진 잘됩니다  혹시나 저같은일을 겪으신분 계실까봐 리뷰남겨요
169,어느순간부터 앱 실행이 안되네요 결제는 해놓고 사용 못한지 꽤 됐어요 개선 해주실거 아니면 환불 좀 해주실래요
170,폰문제인가 지웠다 다시 깔려고 들어와보니 저만 그런게 아니고 여기 리플 보니 가관이네요 아이패드로는 잘 되는거 보니 안드로이드 어플 문제 같아보이는데 갤럭시로 영상 틀면 검은 화면에 오디오만 나오거나 무슨 나이트클럽처럼 영상 깜빡임ㅋㅋ 언넝 고쳐줘요
171,와이파이로 시청이 안됩니다 다른 어플 인터넷 다 되는데 갑자기 안됨
172,현재 화면에서 우측엔 밝기 조절 기능이 있다 하지만 좌측엔 음량 조절 기능을 넣어 달라 터치로 좌로 밀면 앞감기 우로 밀면 뒤 감기 기능도 넣어 달라 미국식으로 투박한 기능에서 벗어나 현대 감각의 편리한 기능들을 넣어 달라 과거 명 영화와 명 드라마 등도 넣어 달라 수고하세요
173,앱에 무슨 업데이트를 한 건지 모르겠는데 중간에 일시정지했다가 다시 재생했을 때 화면 빈 곳을 터치해도 자막 등등 컨트롤할 수 있는 부분이 사라지지 않네요 중간에 멈췄다가 다시 재생하면 계속 그게 사라질 때까지 기다려야해서 너무 불편해요 
174,저장오류가 자꾸나요 카드에 기가나 차지하고있다고 표시는되는데 삭제도 안되고 재생도 안되고 저장창에 뜨지도않고ㅋㅋ 앱자체를 지웠다 깔아도 그대로네요
175,영상을 보라는겁니까 말라는겁니까 화면은 시커멓고 오디오는 계속 끊기는데 정상적으로 볼수가 없습니다 오류 때문에 제대로 볼수가 없어요이 리뷰 꼭보시고 오류좀 빨리 고치시기를 바랍니다
176,최근 처음으로 넷플릭스 사용하는 유저입니다 넷플릭스를 직접 체험하며 불편한 점들이 있었습니다  일단 영상을 볼 때 소리만 나오고 화면이 멈춥니다 이게 와이파이 문제도 아니고 넷플릭스의 문제라고 봐요 임시저장을 해도 위 현상이 일어나고 어찌할 바를 모르겠습니다  생각보다 영상물이 많지 않습니다 좀 다방면으로 새로운 영상물들이 생겼으면 합니다 제가 원하는 영상물이 없는 경우가 꽤 많네요 아쉬움이 남습니다 돈 내고 보는건데 마음편히 보질 못하니 이부분 수정해주시면 만족하고 넷플릭스 볼 수 있을 것 같아요 넷플릭스 응원해요
177,자꾸 영상 블랙화면으로 멈춰요 소리만 나오고 그러다가 오류라며 꺼지네요 며칠째 반복되기에 리뷰보니 비슷한 현상이 많네요 개선이 필요할듯합니다
178,아니검색할때마다 해당하는게 안나와요 ㅋㅋㅋ 다양한 컨텐츠들을 모두 볼수있다면서 옛날 영화애니드라마 등은 취급 안하나요 괜히 프리미엄으로해서 돈 날린 기분이어서 별로네요그리고 시청하다가 뒤로 돌아가면 시청한 시간 부분까지 뜨잖아요 근데 다시 시청하면 원점으로 다시 초기화가 될때도있고 앞부분 건너뛰기할때도 다시 첨으로 돌아가요아무튼 보고싶은 영화나 애니 등등이 많이 없네요
179,다좋은데 애니 좀 더 늘려주세요 하이큐기도 아직 안나왔고 괴도조커괴도키드 늑대아이 우마루짱 주술회전 암살교실 극장판도 없더라고요 원피스도 없고 지박소년 하나코군도 없어요 애니의 양을 더 늘려주세요
180,넷플릭스 자주 이용하고 좋아했던 사람입니다 근데 현재 휴대폰 앱으로는 접속이 안된지 달이 넘었어요 단순한 오류라고 보기엔 너무나 긴시간입니다 더이상은 결제하고 싶지 않네요
181,돈 주고 보는 영상인데 화질이 왜이러죠 진짜 가 아니라 로 보는 것 같아요 넷플릭스를 껐다가 다시 켜도 똑같네요 이게 한 두번이 아니에요 꼭 고쳐주시기 바랍니다
182,넷플 잘 사용 중입니다 그런데 결제 오류창이 떠서 다시 자동이체 계좌에 돈을 넣어서 결제 완료했는데 넷플 어플을 들어가면 들어갈 때마다 결제가 안되었으니 결제정보 업데이트하라는 경고문이 자꾸 뜹니다 해결해주시기바랍니다
183,진짜 돌겠네 로딩도 로딩이고 재생 도중 화면 넘어가면 렉걸려서 다른거 되지도 않음 이렇게 화나게할필요 있나 재생도중 멈추는건 기본임 슬슬 화난다 유료면 유료답게 달달이 꼬박꼬박 돈빼갈 궁리 만 하지말고 해결책을 빨리 내놓으라고
184,제가어른인데진격의 거인을보고 있는데 오늘아침에 중지 됐어요 정말 짜증나네요
185,제트플립 유저입니다 무엇이 문제인지 고민하고 연구하고 계실테지만 계속되는 로딩중 화면은 정말 지치게 하네요 힘드시겠지만 빠른 시일 내에 해결되길 바랍니다
186,해킹 끝판왕 보약 취약  어느날 영어로 떠서 오류인가보다 하고 넘기고 어느날은 메일로 로그인 디록 떠서 디바이스 기록 보니까 각가지 기계에서 로그인한 흔적 쭉 나오고 심지어 원짜리 요금제 쓰는데 엊그제는 원짜리로 바껴서 보니까 해킹이었음 개열받음
187,어제부터 킹덤볼때 화면 멈춤현상 소리는 나오는데 화면이 멈춤 오늘도 그러고  다른 영상도 그러네요 킹덤보려고 기디린건데 아침에 티비로 보니 잘나와서 티비로 봤네요 안드로이드인데 왜이런거죠제거하고 다시 설치해도 그렇네요
188,탭으로 보다가 초기화 이후에 열기를 누르고 계정선택을 누르면 다시 창이 닫혀요 빠른 해결방법을 제시 부탁드립니다 계정 사용금액 내고 계정만 이용하고 있어요 토요일까지 답변 안주심 해지하겠습니다
189,자녀보호설정을 한적이 없는데 갑자기 그것때문에 키즈모드외엔 아무것도 시청을 할수 없게되었다 링크를 타고 왔더니 그에대한 해결방법이 나와있지 않다 이런 종류의 오류를 여러번 격고 있다 고객센터 전화를 통해야만 해결이 된다 주 시청시간인 밤중에 이런일이 발생하면 해결하려고 시간만 한참 허비하다가 결국엔 해결할 할방법이 없고 잠은 달아나서 잠도 못자게 된다 다시는 여기 가입하지 않겠다
190,저번주부터 검은화면만 나오거나 영상이 나와도  초후에 영상은 멈추고 소리만 들리고 리뷰보니 많은분들이 같은 현상이 이러나고있는데도 관리를 하는건지 마는건지
191,여기있는 대부분 사람들이 저랑 같은 경험을 하고계시네여 넷플릭스 영화같은거 시청할려고 누르면 오류뜨고 핸드폰을 재부팅시켜서 하면 조금 보다가 화면은 멈추는데 말은 나와여 그러다가 그상태로 아예멈춰서 핸드폰 자체가 또다시 재부팅이 됩니다 어캐 안될까여
192,지플립으로 영상 볼때마다 로딩중 무한반복 그럴때마다 폰 꼈다켜야 시청가능 ㅋㅋㅋㅋㅋ 리뷰 모니터링 전혀 안하나봄 사람들이 많이 이용할때 관리 잘하시길 진짜 불편함
193,재생 화면에서 한 번 터치하면 재생 옵션들이 켜지고 한 번 더 터치하면 사라져야 하는데 밝기 조절하는 부분만 사라지고 나머지들은 기다려야 사라져서 불편해요 원래는 잘 됐었는데 밝기조절 하고 난 뒤로 이러는 것 같습니다 고쳐주세요
194,무한로딩 언제 고쳐주나요 애꿎은 돈만 줄줄 새버리네
195,제트플립 사용자입니다아직까지도 영상이 재생이 불가능하네요돈주고 보질못한다니 이게 무슨 일이죠왜 안고쳐지는건지 못고치는건지 알려라도 주시죠
196,다 너무 좋고 애니나 영화도 많아서 좋은데 제가 좋아하는 하이큐라는 만화 기가 없는게 아쉽네요ㅎㅎ기도 넷플에 나오면 좋겠습니다ㅎㅎ
197,갤럭시플립 유저 입니다 다른기기에서는 잘 작동 되는데 왜 휴대폰에서만 무한 로딩인지 이거 저만 그런거 아닌거 같은데 빨리 해결해줘야하는 부분 아닙니까 저 지금 휴대폰으로 일주일째 못쓰고있어요
198,영상 실행이 안되서 다시깔아보고 폰도 껐다 켰는데 이젠 로그인도 안되네요
199,갤럭시  사용하고 있는데 영상 재생하면 화면은 안보이고 소리만 들리거나 휴대폰 자체가 꺼졌다가 켜지는데 왜 이러는건가요
200,그 두달동안 라는 글자만 보고 있다 유료로 시청하고 있었는데 지금 뭐하는 짓인지 삭제하고 다시 설치하고 또 삭제하고 다시 설치하고 이제는 짜증난다 해약하고 싶은데 앱을 들어갈 수도 없고
201,매달 요금 내면서 보는 것 치고 볼 것도 많지 않고 상당히 불편한 점이 많네요 스위트홈은 오프닝 건너뛰기를 매번 눌러줘야되고 갑자기 영상 보면 나오던 길이바 상태바 그것도 안 나오고 작은 창으로는 멈춤 재생밖에 조작 안 되고 엔딩크래딧 넘기기해서 봤던 영상은 다시 볼 때 대체 왜 엔딩크래딧부터 보게 해둔건지 화면 밝기 조절도 핸드폰 전체 밝기를 넷플에서 조작해야 되는 게 너무 불편해요
202,몇 시간 전까지만 해도 잘 재생됐는데 갑자기 로딩 중 만 뜨고 재생되지 않네요 돈 주고 보는 건데 이러면 재생되지 않던 시간들은 어떡하죠
203,갤럭시폴드에서 분할지원해주세요 폴드인데 분할말고 팝업밖에안되네요
204,검색필터가 구림 글꼴이나 자막 크기 변경 불가능
205,플립이 다 그런가 보네요 저도 플립인데 무한 로딩 걸릴때 마다 핸드폰 껏다키는게 굉장히 귀찮고 보기싫습니다 왜 걸리는지 이유라도 알면 그짓을 안할텐데 시도때도 없이 걸리니 돈 내고 이걸 왜 보는지 모르겠네요 이제
206,항상 화질 설정이 문제 왜 설정 할 수 있게 안해놓는지 참
207,삼성태블릿화면이 멈추고 목소리만나옴 왓챠도 쓰는데 그건안그러거든욬ㅋㅋㅋㅋ 아이패드는 화면은 안멈추나 자막뜨는게 안드로이드랑 다른구림이 있음 로딩현상발생 전에 왜 넷플쓰다 갈아탔는지 다시결제하고 생각남 이 빌어먹을 로딩과 화면멈춤이었단거 현카에서 할인이벤해서 다시 결제해본건데 못쓰겠음
208,노트 유저구여 업뎃할때마다 안되요 이번엔또 얼마나 잇어야 고챠주련지 저번에도 달사용못함
209,폴드유저 입니다 플립과 마찬가지로 로딩만 될뿐 더이상 진행이 되질않네요 일주일이 넘었는데 어떻게 해야하는건가요 내돈내고 보는건데 맘대로 보지도 못하고 해결방안도 없고 갑자기 안되면 어쩌라는거죠
210,현재 앱설치시 계속 오류나면서 설치가 안되고 튕깁니다 다른 태블릿으로 해도 같은 현상입니다 안드로이드 에 설치가능한 버젼은 어디 있나요
211,플립 이용자인데 플립 기기는 저만 그런게 아니라 대부분이 로딩중만 뜨고 안되나보네요 매월 구독료 내며 이용하는 서비스인데 오류를 빨리 수정하셔야지 이건 돈만내고 이용도 못하네요 왓챠로 옮겨야 하나
212,라디오도 아니구화면이 나와야 드라말 보죠 유료인데 화면이 안나오면  앱여러번 삭제하고 재설치 여러번 했어요 오류 빨리잡으세요 고객한테만 이거해봐라 저거해봐라 하지말구별하나도 아까워요
213,안 깔려요 하 왜 이러는건지 모르겟는데 고쳐주세요
214,다른거는 다 괜찮지만 영상을 볼려고 할때마다 소리는 나오는데 화면이 안나오는 현상이 계속 발생합니다 빠른 시일 내에 해결해주세요
215,제발 모바일 앱에 있는 기능들  넷플릭스에도 다 넣어주세요 한 화가 몇 분인지 알려주는 것도 없고 시청 중 열에서 사라지게 하는 기능도 없어요 그리고 한 영상 보려고 하는데 미리 저장하지 않으면 로딩 시간이 기본 분은 걸립니다서버 점검 좀 해주세요
216,영화 보는데 사람 소리는 정말 작게 들리고 다른 음향효과는 너무 크게 들려요 넷플측에서 개선해야한다고 봅니다 소리를 줄였다가 올렸다가 너무 번거롭네요 소리설정에서 음향조절 하게 만들어주시던가 소리설정도 없네요
217,자동재생은 좋은데 중간에 아직도 시청중 물어보는거 짜증나고 자막도 가끔틀리고 어린이 성인 인데 왜 모자이크 아동프로도 아니고 짜증지데로 이걸 보려고 결제 아깝다는 생각이든다
218,지플립 유저입니다 로딩중만 계속뜨고 폰을 다시시작할때까지 플레이 되지않아 앱삭제 후 다시 깔려고 들어왔는데 리뷰를 보니 저만 그런게 아니였네요 불편한 사람이 한둘도 아닌것 같은데 왜이럴까요 빨리 해결좀 해주세요 공짜로 보는것도 아닌데 결론은 지웠다 다시해도 안됩니다
219,정말 좋습니다 하지만 요즈음 버그가 발견되었습니다 원래라면 넷플릭스 들어가면 제가 시청중인 콘텐츠가 얼마나 봤는지 빨간색 줄로 떠야하는게 정상입니다 하지만 요즈음 그게 뜨지않고 있고 큰영향을 주진 않지만 고쳐주시길 바라겠습니다
220,개인적 소감보고 싶은 영화를 터치하면 밑에서 또다른 화면이 올라오는데그 화면이 작다또그 화면에도 정보가 적혀있지만 작은 글씨이고회차보기를 터치해서 들어가면 예고편이 자동 재생되는데솔직히 자동 재생 없애고보고 싶은 사람만 볼 수 있으면 좋겠고 밑에 툴바홈공개 예정저장한 콘텐츠 목록가 계속 고정되어 있어서 가장 아래쪽 회차 설명을 가려서 불편하다플러스 회차 설명칸도 작아서 좀 커졌으면 한다 개인적으로 전버전이 더 좋은듯하다 아까 리뷰 적었는데 안보여서 다시 적음
221,콘텐츠마다 댓글을 쓸수 있는 기능이 추가 됬으면 합니다 실제로 콘텐츠를 시청한분들이 댓글을 남기고 안남기고가 콘텐츠를 선택하는 데에 있어서 큰도움이 될것 같아요
222,갑자기 외국어로 떠요 계정 이름도 이상하게 바껴있고 영어인지 뭔지 다 외국어로 나와있어요
223,꼭한번씩접속장애뜨네앱종료하고다시들어가도안되고강제앱종료하고나서야지실행되고어쩌라는건지귀찮게하네정말
224,영상 재생을 누르면 오류가 발생하고 앱에 접속할 때 너무 오래 걸리는 현상이 너무 자주 발생합니다 서버나 앱 구조에 개선이 필요해 보입니다
225,넷플릭스 초기 화면에서 진입이 안되네요 삭제후 다시 깔아도 진입안되고 밑에 보니 안된지 몇일지난거 같은데 조치가 안되나보네요 내돈주고 보지도 못하고 이게 뭔일이죠
226,첫 화면에서 이미 중간의 중요한 부분 보여줘서 스포일러 다 함 화면 터치하고 컨트롤 버튼들 뜨면 다시 터치 했을땐 사라져야 하는거 아닌가요 영상은 플레이가 되고 있는데 쓸데없이 몇 초간 터치버튼이 화면에 떠서 없어지지 않음
227,별 한개도 아깝네 제트플립 유저입니다 툭하면 재생 안되서 다시 깔고 재생 시키고 이문제 해결 안할겁니까 제트플립 유저들만 고통받네요 리뷰 보기는 해요
228,플립유저인데 처음엔 영상재생되다가 다음회차넘어가니 로드중ㅋㅋ 혹시나해서 몇분 그냥 뒀는데 켜지지도않고 강제중지 어플삭제후재설치햇는데도 동일ㅋ 이전에 이것땜 결제취소햇는데ㅋㅋ아직도 이러네요ㅋ
229,원래 이게 있던 컨텐츠가 사라지기도 하나요 특정 작품에 대한 관련 컨텐츠는 있는데 그 특정 작품이 없어요 그리고 가끔 외국작품 볼 때 자막이 중간에 안나오거나 오역이 심하게 많아요
230,플립 사용합니다 무한로딩 중입니다 삭제했다가 다시깔기 반복을 수없이 해도 고쳐지지 않네요 정말 너무너무너무너무너무너무 불편해요
231,플립 사용자입니다 아무이상없이 잘 나오는데 밑에분 플립으로 안된다고해서 이상해서 글남깁니다 폰문제가 아닌거같아요 저는 패드에서 안되거든요
232,영상이 나오고 터치해서 없어져야하는 재생바 부분이 안 없어져서 너무 불편해요 원래 잘 되었는데 이제는 잘 안돼서 없어질때까지 기다려야 하는데 무료도 아니고 돈 주고 보는앱인데 이부분 확실히 고쳐주셨으면 좋겠어요
233,업데이트를 하고 안켜짐 먼일임 진째 한달 돈 내면서 보는데 갑자기 안켜짐 
234,잘 이용중인데 업데이트 후에 그러는건지 앱에서 계정설정이 안돼요 시청제한도 아이들땜에 한번씩 변경했었는데 불편함이 있네요어떻게해야하죠
235,영상이 지속적으로 끊겨서 소리와 영상이 따로 놀아요 일시적인게 아니라 거의 주째입니다 단말기 갤럭시노트 울트라 이구요 빠른 해결 해주세요
236,넷플 너무 좋아하는데 앱 실행이 안되네요 노트이고 다른 앱들은 잘 작동하는데 넷플은 삭제했다 켜도 계속 창이 안 넘어가요 노트북이나 다른 폰으로는 되던데
237,어제부터 겔탭 로딩중만 뜨고 영상이 안나옴 폰으로는 되는데 화면이 작아서 불편 언제 고쳐주는건지
238,와 저도 플립 유저에 무한로딩입니다 공식 홈페이지 고객센터 가보니 그냥 문의남기라고만 되어있네요 폰이 문젠가 싶어서 삭제하고 다시 깔다가 리뷰봤는데 와ㅋ
239,며칠전부터  모드가 안됩니다 안드로이드 버전 인데 소프트웨어 문제인지 넷플릭스 문제인지 권한 허용을 해도 안되네요 조치부탁드립니다
240,화면 잠금시 해제가 안됌 터치여러번해도 안돼고 꾹눌러도 안됌
241,데이터 없어서 오프라인으로 저장해서 보는데  오류 뜰 때마다 너무 같아요 그리고 앱은 또 왜 이렇게 느려진 건지 가끔 강제종료도 되는데 진짜 최적화가 시급합니다
242,아니 갑자기 언제부턴가 영상 재생이 안돼요 다른영상들까지 다 안되길래 한달정도 안보다 더시 결제하고 볼려는데 어직도 똑같네요 돈만 날렸어요
243,모자이크가 너무 격하게 많아서 보기에 집중이 잘 안되요 담배나 담뱃대나 날붙이같은 모자이크가 너무 많고 크기도 커서 인물들의 모습이 안보일 지경입니다
244,플립 무한로딩이라고 리뷰 올렸었는데 왜 삭제됐을까요 ㅋ 무한로딩 시작한지 벌써 일주일 다되가는거 같은데 대체 언제 고쳐주실꺼죠 돈을내도 못보는 앱이라니 보상을 줄것도 아니면서 대처도 안하시고 답답합니다
245,정말 좋은앱입니다 볼수없는 일본애니도 볼수있어서 좋은것 같습니다 그런데 찾는 결과가 나오지않는다거나 오프닝 건너뛰기 같은겄이 가끔식 안될때가 있습니다 이점을 조금 고쳐주시면 감사하겠습니다 그래도 정말 좋은앱인거 같습니다
246,넷플릭스 유저 돈만빨아먹는곳같음 버퍼링계속걸리고 재생도않되고 화질은 완전 저화질로 재생되고 영화보는거좋아하고 드라마좋아해서 가족들 같이보려고 고화질프리미엄 결제했는데 현재 해당문제로 기술팀에서 점검중이고 언제쯤 끝날지 기약없다고함  결제는 끝났고 영화한변보기도 힘듬 버퍼링때문에 그것도 저화질로 고객센터 문의 했더니 담달부터 맴버쉽 낮추라고 변경해준다고함 이번결제는 끝났다 이미 돈이 나갔는데 무슨의미임 서비스 이용도못하는데 돈만 냈음 다른 공지하나 않띄워놓고 이상이있으면 뭐라 공지하나라도 띄워놓지 전체 리뷰
247,저도 플립 유저입니다 문제없이 잘 사용하다가 어제밤부터 갑자기 무한로드중이네요 삭제 후 재설치 디바이스 최적화 백그라운드 앱 다 종료시켜도 실행이 안되요 제발 개선부탁드려요
248,넷플릭스에 있는 영화 만화등을 보려고 하는데 계속 로딩중만 뜨고 폰이 몇초 후 다시시작을 하네요 밥값은 제대로 합시다
249,잘 쓰고있습니다영화같은 것들은 볼것들이 많은데 일본 에니메이션 같은 경우는 막상 보고싶은걸 찾아보려하면 없는 경우가 많습니다그리고 모자이크 하는것좀 없애주세요작품보다가 집중이 깨집니다
250,플립 유저 입니다 저도 무한 로딩으로 영상을 재생할수가 없습니다 혹시나 하고 리뷰를 봤는데 저만 그런게 아니네요 조치점 부탁합니다
251,배경소리는 너무 크고 음성은 작고 음향조절을 왜 못하나요 그리고 업로드는 왜이렇게 느려요 오늘날짜 걸고 특정 시간에 업로드 된다고 했고 또 앞에 새로운 에피소드 걸어놨으면 그 때 업로드 해야지 뭐 마음대로 업로드하나 시간도 제대로 안지키고 진짜 짜증나서 못쓰겠네
252,다른건 다 좋은데 해리포터가 있을줄 알고 했거든요 다른나라는 있는데 대한민국 만 없다고 들어서요없는거 알아봐야 하는 제 잘못도 있지만 솔직히 너무 실망했어요 다른영화도 마찬가지로 한국에만 없는 영화가 많다고 해서요말했다시피 다른건 다 좋지만 제발 해리포터라도 넣어주셨으면 좋겠어요간절히 부탁드립니다
253,단 한 번도 스무스하게 영상이 나온 적이 없네요 오디오만 나오던가 장면이 멈추던가 그냥 계속 버퍼링이던가 매번 핸드폰 껐다 켰다 언제까지 이래야하죠 보니까 나만 이런게 아니던데 고칠 생각이 없나봐요 만원 가까이 주고 보는데 제대로 된 것이 하나도 없네요 돈 아까워요 남의 돈 버는 걸 참 쉽게 생각하나봐요
254,앱을 한번 지웠다가 다시깔았는데 안 열리고 무슨 구글계정연동 어쩌고하면서 작은 팝업뜨는데 그것만 뜨고 앱은 안열리고 내 돈 내놔
255,플립 오류언제 고쳐지나요다른기기로 보라는게 말이나되는 소립니까 진짜 다달이 보지도 못하고 돈나가는거 아까워죽겠네요 언제 조치됩니까 도대체진짜 빨리 좀 해주세요
256,까만 배경에 넷플릭스 로고만 뜨고 앱 실행이 안 되는데 나만 그런 게 아니네 삭제하고 다시 설치해서 실행해도 똑같고 이거 얼른 고쳐주세요 진짜
257,진짜 카테고리 짜증나네 좀 쉽게 확인이 안되 무슨 카테고리 들어가면 세부 카테고리만 잔뜩이야 이러면 중복이 심하잖아 좀 한번에 확인좀시켜줘라 내가 못 찾는거 일수도 있는데 이런거는 좀 쉽게 좀 만들자 앱 거지처럼 만들었네 진짜
258,폰으로 영화재생이 안됨 혼자 재부팅 됨 매번 동일한 현상나만 그러면 내폰이 문제라 하겠는데 여기 전부 동일한 현상을 호소함 전혀 고쳐지지 않음 심지어 답변조차 없음
259,재밌어요 시간 때우기에도 넘 좋고 시험 끝나면 넷플릭스 정주행 중 이에오ㅎㅎ 글구 요청이 있다면 주술회전 넣어주세요 주술회전 플리즈
260,동영상 재생이 안됩니다 과거에 그런 적이있어서 앱을 삭제하고 다시 설치하면 잘되서 그렇게 했는데도 안됩니다 정말 자주 일어나는 일이여서 실망이네요
261,앱은 좋은데요 영화끝나고 다음영화로 자동으로 넘어가는거 좀 짜증나요 그리고 미리보기 끝나고 초 뒤에 영화 자동으로 재생되는것도 별로에요 왜그렇게 성격이 급한거에요
262,노트플러스 유료사용자입니다 몇일 전부터 계속 무한 로딩상태입니다 앱재설치해도 마찬가지입니다 빠른조치 부탁드립니다
263, 플립 사용자입니다 요 며칠동안 로딩이라고 뜨고 재생이 안됩니다 아진짜 너무 짜증나네요 이유가 뭡니까
264,하제발요너무짜증나요영상 다운받으면 무슨 일지나면 안되고리뷰에 저렇게 말이많은데 왜 수정을 안해주시나요 너무화나요 제발요제발 돈내는게 그에 맞게좀해주세요 진짜 이제 너무 짜증나네요
265,가장 큰 단점은 결제 전에는 내가 넷플에서 무엇을 시청 가능한지 볼 수가 없다는 점해지 했다가 다시 가입하려 해도 뭐가 있는지 알 수 없으니 보고싶은 작품이 없을까봐 돌아오기 힘듬
266,화면 밝기가 계속 변해요 밤에 불 끄고 보느라 제일 낮게 내려놓아도 화면 밝기를 어플넷플이 제어하고있어 설정 불가하다는 메시지만 뜨고 폰 화면 밝기만큼 어둡게 안떨어져요 계속 다시 밝아져요 제일 화면 어둡게 어플 내에서 설정해도 마찬가지시스템 밝기 설정대로 돌려놔주세요 불편해요
267,찜취소하려면 일일이 들어가서 눌러야됨 그리고 목록좀 쭉 보여주지 일일이 좌우로 밀어서 봐야됨편의성이 개 구리다
268,계속 로드중만 뜨고 뭐예요 이게 돈은 돈대로 내고 하루만에 모든 영상이 다 안보이면 어쩌자고요 원 아깝네 넷플릭스 너무 별로네
269,메뉴 좀 바꾸지 추천이고 나발이고 똑같은게 중복되어서 있는데 그게 뭔 분류 해놓은 거냐 추천이니 뭐니 각각 다른 기준으로 추천된건데 나열해 놓은거 보면 같은게 줄줄이 들어가 있는데 굳이 추천이랍시고 나눌 필요가 있나 게다가 같은 걸 계속 나오게 해놔서 그 외에 뭐가 있는지 알 수가 없다 그냥 ㄱㅎ까지 쭈욱 나열 해놔라 알아서 찾아 볼테니까 그리고 첫화면에 추천이 나오는건 그나마 이해를 하겠는데 프로그램이나 영화에서 를 골랐다치면 그냥 만 전부다 나와야지 추천이랍시고 첫화면처럼 계속 중복시켜 놓고 가 아닌전체 리뷰
270,저도 플립 사용자이고 폰으로만 보는데 로딩중에서 넘어가지 않네요여기 개발자는 뭐하는건지 이런 문제가 저뿐만이 아닌것같은데
271,넷플릭스 왜 로그인이 안돼는거죠 나만 그런줄알았는데 다른분들도 안됀다고 하시는데 설치를 다시해도 검은화면과 초기화면으로만 뜨니 답답하네요 아예 안돼는거면 말씀해주세요 탈퇴라도 하게요
272,노래가사도 번역을 해주시면 안될까요 뭐라고하는건지 궁금해요
273,소리만 나오고 화면은 안 나옵니다 고쳐주세요 엉엉 제발
274,화면잠금해제가 갑자기 왜 탭이안되는거죠
275,플립 유저인데 몇번이나 고객센터 응대 한지모릅니다 이번에는 자기도 해결방법이없으니 탈퇴하는게 맞냐고 여쭤보니 결국엔 탈퇴방법 안내 해주네요 이런 뭐 그지같은 응대가 있습니까 돈만내고 주구장창 해결될때까지 한달을 기다렸습니다 
276,저장해놨던 콘텐츠들이 전부 이용할수 없음 이라고 뜨는데요
277,왜  본인인증이 된걸 또 다시 인증을 하게 하면서 핸드폰 문자 인증은 왜 안오는지 그러면서 인증코드 요청 횟수 초과라고아예 사용도 못하게 하는거 무슨 시스템인지 돈내면서 잘 보구 있는걸 뜬금없이 성인인증을 하라는건 왜 그러는건지 진짜 짜증나
278,보이스가 현재 시즌까지 나왔는데 시즌만 있다는게 아쉽습니다 기까지 모두 내주셨으면 합니다 또한 검색결과가 엉망이 될때가 대부분으로이또한 불편합니다
279,첫화면에서 바뀌질않아서 지우고 다시 깔아도 똑같네요정원이 다찼다는건 뭔지결제하고 사용이 안되고 있으니 빨리 수정 보안해주셔야할것같습니다
280,애니류는 보라고 있는거 맞죠 지나치게 모자이크가 심해서 전체이용가 해도 되겠네요그럴거면 왜 청불 붙여 놨담 구독료의 대부분은 모자이크 비용인가요
281,제트플립사용중인데 넷플릭스 왜이래요 왜 첫로고화면에서 안넘어가나요 무료플랫폼도아니고 유료로 사용하는건데 문제있는거 아닌가요
282,맴버십 해지할려는데 왜 해지버튼을 눌러도 창이 안넘어가나요 다음달에도 다시결제되면 진짜 화날거같아서 그래요
283,플립만 차별하나요 돈주고 보는건데 보지못한다니 결제를 왜 했을까요 반정도 남았는데 자취생이라 티비든 컴퓨터든 다 없고 진짜 너무하네요
284,휴대폰에서 재생이 안돼요 까만 화면 나오고 갤럭시 폰이요
285,로고에서 안넘어가는거실행이 안되요 돈내고 보는데 리뷰 답도 없고 이렇다할 말도 업고 뭐하는겁니까 
286,화면밝기 조절기능이 비정상 작동함
287,없는 애니가 너무 많아요 보고싶은건 있는데 여기엔 없어서 아쉽네요 그리고 자막이 위아래로 계속 왔다갔다해서 어지럽고 보기 힘들어요
288,항상 잘 쓰고 있습니다 요금제 변경 버튼이 앱에서 안보이는데 어떻게 해야하나요
289,몇달동안 폰으로 접속하면 인트로 화면에서 멈춰서 실행자체가 안됩니다재설치해도안되고 하루이틀도아니고 무슨 앱관리를 이따구로 하시는지
290,최근엔 좀 재미있는게 부족해요 일본애니도 식상하고 대작 기획을 많이 했으면하고 우주 장르도 많이 필요합니다 스타트랙도 이젠 별루인듯
291,앱 최신버젼 패치하니 자막 폰트 이상하게엄청 작아짐 바뀌고 폰 화면 꽉차게 보던것도 상하좌우 레터박스 생겨서 허전해짐 뭐 이딴 패치가 이전버젼으로 돌리고싶네
292,다 좋은데 에서 볼때나 태블릿으로 보면 화질이 좀 떨어져요 분명 비싼걸로 샀고 설정도 고화질로 해놨는데 왜 그러는 걸까요
293,아니 진짜 보다보다 너무 화가나네요 영화가 밤씬이면 무슨 보이는게 하나도 없어 앱화면 밝기 조절 뭐같네 진짜 그리고 화질은 또 왤케 구리죠 프리미엄 원 결제했는데 유튜브는 꽁짜로도  프레임 나오는데 일 안해요
294,영화 다 보고나서 엔딩 크레딧 보고싶은데 왜 강제로 다른영화 예고편 틀어버리냐 닫기버튼도 없어서 그냥 강제네 ㅋㅋ 바로 점드림
295,제가 찾는 영화가 생각보다 없어서 아쉬웠지만 그래두 여러가지 새로운 영화를 볼 수 있어서 좋았습니다 넷플로 알게된 영화가 많아욧
296,넷플릭스 대단해요 갤럭시  사용자인데 아직도 어플 못써요 언제 사용할 수 있을지 너무 궁금하네요 버그 잡을 수나 있으려나
297,제방제발제발제발제발제발제발 하이큐기 보여주세요 제발요 진짜 현기증나서 뒈질것 같습니다 선생님 제발 진짜 제발 다른거 다 필요없고 하이큐기만 보여주신다면 제가 어디든 찾아가서 그랜절 번 쌉가능입니다 진짜 카게야마 히나타 츳키 켄마 쿠로 오이카와 스가와라 다 봐야한다구요 진짜 제발요 선생님들 정말 기 보는게 이번생에 제 첫번째이자 마지막 소원입니다 진짜 제가 장난이아니라 정말 진심으로 부탁드리겠습니다
298,앱 사용은 정말 편리하고 좋지만 보고싶은게 생기면 넷플릭스에 없어 못보는 일이 많이 생기네요 종류가 더 다양하고 많이 생겼으면 좋겠어요
299,잘쓰고있 었는데 들어가는거 은잘되는데 영상을 틀면 소리만들리고 로딩되면서 폰이꺼지고 혹시나해서 지웠다 했는데도 폰잌고지고 참고로제폰  임 최신거인데 왜 그럴까요
300,자막위치 이동할 수 있음 좋겠어요 왜 주의사항이 안꺼져서 자막을 가리죠
301,영상도 안나오고 얼마 남지 않았습니다 이것만 나오고 다시 개속 들어가 얼마 남지 않았습니다 이것만 게속 뜹니다
302,돈내고 보는데 잘되다가 왜이럴까요 그것도 황금주말에하
303,시즌 변경하는 곳이 아무리 찾아도 없어요 가 바뀐 건가요 잘 방영하던 시즌이 통째로 사라진건가요 변경했음 설명이라도 해 줘야지 시즌 변경하는 버튼 어디다 꽁꽁 숨겨놓고 개발자만 알고 있으면 어떻게해요
304,아니 년생 들은 결재 등 가입을 막고 년생 들만 가입 허용하는 건 너무한거 아닌가요
305,진짜 웬만해서 리뷰 잘 안남기는데 화면은 멈추고 소리는 계속 나오는거 달 전부터 이럽니다 공짜도 아니고 돈내고 보는데 이런 오류는 좀 빨리 고쳐야 하는게 아닌가요
306,아니 갑자기 정지 버튼은 되는데 재생 버튼이 안 눌려서 나갔다가 들어갔다가 나갔다가 들어갔다가 해요  어떻게 좀 해주세여 
307,만화 같은거 볼때 오프닝 건너 뛰기를 하면 다시 처음 부터 가게 되고 그래서 혹시 몰라서 초 건너뛰기라 스크롤 바로 움직여도 계속 다시 원위치로 돌아가네요
308,자막위치 고정할 수 있었으면 아래위로 왔다갔다 정신없음 자막이 얼굴가리는거도 짜증나고
309,겔럭시 노트 사용자입니다 저번달부터 동영상 재생이 안대요 언제 고쳐주나요 계속 기다리고 있었는데 고칠생각을 안하시네요
310,개발자고객센터 다 코로나 걸리셨나요 플립이란게 뭔지는 아시죠 한달 넘게 이러는거 같은데 환불 당연히 해주시는거죠 ㅎㅎㅎ 에이설마
311,드라마나 영화를 볼때 한 분정도 있다가 화면이 멈추고 소리만 계속 나네요 그럴때마다 지웠다 까는데 너무 불편 하네요 제발 고쳐주세요
312,애니매이션 터보더빙 올려주세요세들이 보니 애니메이션 인데영어라 아이들이 보기 힘들어 합니다
313,갑자기 멈추고 분간 휴대폰 작동이 넷플릭스화면만 뜨면서 되지않습니다 어찌저찌 돼서 지웠다 깔려했으나 이제는 설치도 되지않네요
314,플립 유저입니다 로딩만무한반복이고 앱을 지웠다가 깔고 심지어 저장을해서 시청을하려해도 안됩니다 빠른복구 부탁드립다
315,랑 연결되는것도좋고 그냥다좋은것같아요
316,넷블릭스 이용하고 있는 사람입니다일단 장점과 단점을 말하자면 장점애니영화 등 무료다장점화질이 좋다단점애니가 적다단점가끔은 이상한 화면이 뜬다재밌는 애니의 시즌화가 적다단점을 고쳐주시면 별 개로 바꿔드리겠습니다그리고 제 리뷰를 보시는 넷블릭스를 설치하시는 분들께 말하는데 넷블릭스는 처음에 결제를 해야 계속 무료로 이용할 수 있습니다개인적으로 전생슬 시즌 가 생기면 좋겠네요
317,오류가 조금 나는 듯 해요 새로운것을 조면 갑자기 영상에 문제가 있습니다가 뜨면서 제가 드라마를 못보는 경우가 많은데 못보면 왜 제가 돈을 내죠
318,다 좋은데 며칠 전부터 부팅만 되고 영상 재생이 안되고 있어요 앱 재설치했는데도 이런 현상이 발생되는데 어쩌죠
319,제트플립 유저입니다 오늘은 되려나 언제나 되려나 무한로딩중 어쩌라는건지 환불을 해주던지 화가나네요 한달요금 그냥 날리겠네요
320,디바이스에러 디바이스를 재시작하라고 하는데 삭제하고 다운로드 해도  에러는 계속 나오네요 검은 화면에서 넘어가질 않아요
321,도쿄구울 에피소드가 절반 이상이 사라졌는데요
322,잠자면서 보다가 한시간정도 지나면 자동 꺼짐 기능은 없나요 잠들었는데도 계속 다음 다음 회차까지도 영상이 춝력되고 있는게 좀 불편하네요
323,갤탭 쓰는데 이미 결제된 아이디로 로그인해도 계정 선택 화면으로 안넘어가고 첫 화면에서 안 넘어 갑니다 빨리 오류 해결해 주세요
324,너무 편하고 좋긴한데 진짜 제발 업데이트좀 빨리빨리 해주세요 넷플릭스 진짜 너무 느립니다그리고 영상 짜르지 마세요 제발
325,여러분 저도 지플립 쓰는데 어제 밤에 넷플 보다가 긴급재난문자 오고나서부터 쭉 로딩이였는데 오늘도 똑같아서 넷플 삭제하고 다시 깔아도 안됐는데 폰 껐다 키니까 됐어요 다들 해보시길 즐플릭스
326,오늘 갑자기 영상 플레이가 안되고 로드중으로만 뜹니다 삭제 설치 삭제 설치 해도 같은 증상인데 뭔일 있나요
327,너무 좋은데 애니가 있던게사라지고 좀 많이 없어요 코바야시 메이드드래곤이나 주술회전 등등이 없ㅇ어서 이런것만 더 추가되면 좋을거같아요
328,정말 좋은앱 입니다 하지만 보고싶은 드라마가 없을때 조금 아쉬어요 그리고 가끔씩 버퍼링 걸릴때가 많아요
329,머하나 보고싶어서 결제하고 보고싶던거 하나 보고나면 다음볼게 없네 항상
330,한국어로 해주세요 한국어로되어있는 영화를볼수 없어요 제발 해주세요
331,넷플릭스를 사용 하지 않는 유저입니다 이 앱 광고 영상을 하는걸 봤어요 하는건 좋은 데 제발 킹덤 광고에 좀비 효과음이나 좀비를 노골적으로 보여주는 영상은 없애면 안 되나요 건너뛰기를 만들던가 해야지 초 정도 되는 영상에 계속 놀라고 심장이 뜁니다 너무 무섭네요
332,아니 왜 다운하면 일본어로 나오는지 이해를 할수가없어요  무슨 말인지 하나도 못알아듣겠는데 로그인도 안되고 어떻게 하라는 거에요
333,넷플릭스 오리지널 시리즈만 볼때마다 필터 같은게 씌워진거 처럼 핸드폰 색감이 약간 바뀌고 밤에 볼때 어둡게 하면 녹조 현상이 나타납니다 너무 불편하네요
334,시작화면에서 넘어가지 않아요 왜 그런거죠
335,플립인데요계속 로딩이 떠서넷플릭스에 문의하니까 핸폰문제라해서핸폰 메인까지 싹 다 바꾸는 수리까지 몇번을 서비스 다녀왔는지 모르겠네요근데도 안되여심심하면 로딩핸폰 전원을 껏다 켜야 볼수 있으니내는 돈이 아까울 정도로 짜증이 올러오네요
336,재생하고 싶어도 소리만 나오고 계속 검은 화면만 나옵니다 결제하고 보는건데 이러면 돈이 아깝습니다 빠른 시일내에 고쳐주세요
337,아니 무슨 허구헛날 재생할 수 없대  돈이 아깝네 하루 이틀도 아니고 이런 오류 생기면 좀 양심적으로 고객한테 보상서비스 같은거라도 제공하세요
338,계속 화면 버퍼링에 소리만 나오네요이 정도 쓰레기앱이면 스토어에 올리질마셨어야죠
339,저도 플립인데 갑자기 안되서 리뷰보니 제트플립기기와 충돌이 있나보네요 삭제하고 다시 설치 해도 안되네요
340,저기요 이정도면 제트플립 유저들한테 어느정도 환불처리해주세요 비싼돈 받아먹으면서 사용도 못하게하고 무슨 양아치 심보세요 일안하세요 하루라도 빨리 개선을해서 로딩을 없애던가 한두번도아니고 뭐하자는거야
341,오류 짜증 업뎃했더니 또 안 돼 업뎃할 때마다 재설치 재부팅해야 하는 건가요
342,저도 플립 사용자인데 재생이 안 돼요 다른 기기에서는 잘 재생됩니다  이라는 에러 메세지가 떠요 빨리 좀 고쳐주세요
343,다른점은 다 좋은데 해리포터 타이타닉 너와 파도를 탈 수 있다면 등 왜 띵작들만 없어지는거죠 타이타닉 보고싶어서 검색했는데 안뜨더라구요 진짜 다른점은 다 만족하는데 꼭 제가 보고싶은것만 없어요
344,넷플릭스 미드에 페미  동성애 등의 콘텐츠를 많이 껴 넣었더군요 무척 아쉽습니다 왜 이렇게 만들까요 처음부터 이런 콘텐츠를 넣으면 사람들이 안볼까봐 약 편 이후부터 슬슬 발동됩니다
345,잘 사용중이었으나 최신버젼 업데이트 이후  화면에서 넘어가지 않습니다 삭제후 재설치 기기 재기동 이후도 안됩니다 기종은 폴드 입니다
346,이놈의 무한로딩 내가 무한로딩 보려고 결제를 한것인가 한두번도 아니고 계속 이런식이면 해지해야지 뭐
347,더빙 기능이 있네요넘 좋아요
348,달의 연인 보보겨요ㅁ 려 아침까지 봤는데 사라졌어요
349,재밌는게 많긴하지만 철인왕후가 없구 페어리테일기가 없어요 월달부터 계속 기다리고 있는데 솔직히 염치가 없지만 그래도 돈을 내고보는건데 그리고 넷플릭스가 이 돈을주고 채널을 보는건데
350,플림쓰는 사람입니다 내가 내돈주고 정당하게 보는데 왜 로딩이 게속뜨며 스트레스 받으면서 못봅니까 저번부터 게속 제트플립 유저들 불만들이 있는데 고쳐지지 않습니까
351,갤럭시울트라 유저인데 왜자꾸 자동으로뒤로가기가눌리는거죠 돈아깝세요ㅎㅎ 빨리처리해주시기바랍니다 편하게보려고 결제한게 사람 스트레스받게하네요
352,갑자기 튕기면서 넷플릭스를 들어가도 계속 로딩중으로 뜹니다
353,너무 잘쓰고있습니다 근데 한가지 아쉬운점이 최신에 나온영화들도 좀 나왔으면 진짜 퍼팩트 에요
354,첫화면에서 계속 꺼지길래 네이버에서 넷플릭스 들어가서 로그인하고 영화재생누르니까 넷플릭스 어플실행되면서 그뒤 부터는 어플로 실행 잘됩니다
355,정말 화가나요 저장한 컨텐츠가 재생이 안됩니다 고객센터에도 문의했는데 안됩니다 고쳐주셨으면 해요
356,영상볼때 자꾸 깜빡깜빡 거리고 또 한번은 검은화면 한번은 장면이 멈췄는데 목소리는 계속 나옵니다 이 버그 제발 고쳐주세요
357,안드로이드나 에서도 할 수 있는 넷플릭스 파티 기능이 제공되었으면
358,스마트폰으로 잘 보다가 어느날부터 로딩중이라고만 뜨고 화면이 재생이 안되요 어떻게 하면 해결될까요
359,갤럭시탭플립 사용자 입니다 돈주고 유료서비스 사용하는건데 영상이 검은화면만 나오고 뭐어쩌라는건지 잘모르겠네요
